,TN,FN,FP,TP,Accuracy,Precision,Recall,F1-Score
0,301,217,15,2789,0.930162552679109,0.9946504992867332,0.9278110445775116,0.9600688468158346
